资质类型,护工ID,获取时间,认证单位,创建时间,资质名称
护理类,23,2023/5/31 14:02,宁波市第一医院,2023/7/3 14:02,
操作类,23,2023/5/31 14:02,宁波市第一医院,2023/7/3 14:02,
信息类,4181,2023/12/4 0:00,宁海县中医医院,2023/12/5 19:45,健康证
信息类,4181,2017/6/27 0:00,甘谷县公安局,2023/12/5 19:48,身份证
信息类,4181,2023/11/27 8:00,馨知爱护理服务有限公司,2023/12/5 19:50,上岗证
信息类,4042,,,2023/12/8 11:06,身份证
信息类,4042,,,2023/12/8 11:07,健康证
信息类,4042,,,2023/12/8 11:09,技能证书
信息类,4207,,,2023/12/20 14:51,身份证
信息类,4207,,,2023/12/20 14:52,健康证
信息类,4207,,,2023/12/20 14:57,保险保单
信息类,4181,,,2023/12/20 15:06,保险保单
信息类,4273,,,2023/12/20 15:11,身份证
信息类,4273,,,2023/12/20 15:12,保险保单
信息类,4274,,,2023/12/20 15:13,身份证
信息类,4274,,,2023/12/20 15:16,健康证
信息类,4276,,,2023/12/20 15:38,身份证
信息类,4276,,,2023/12/20 15:38,技能证书
信息类,4279,,,2023/12/20 16:04,身份证
信息类,4279,,,2023/12/20 16:04,健康证
信息类,4274,,,2023/12/20 16:11,技能证书
信息类,4274,,,2023/12/20 16:20,上岗证
信息类,4399,,,2023/12/27 10:57,身份证
信息类,4399,,,2023/12/27 10:58,健康证
信息类,4181,,,2023/12/27 11:22,技能证书
信息类,4399,,,2024/1/4 9:29,技能证书
信息类,4595,,,2024/3/5 8:20,身份证
信息类,4987,,,2024/3/5 8:23,身份证
信息类,4988,,,2024/3/5 8:24,身份证
信息类,4989,,,2024/3/5 8:25,身份证
信息类,4990,,,2024/3/5 8:27,身份证
护理类,3052,2023/12/27 0:00,象山县卫生进修学校,2024/4/12 9:37,职业技能等级证书
护理类,3037,2023/12/27 0:00,象山县卫生进修学校,2024/4/12 9:44,健康照护师
护理类,3077,2023/12/27 0:00,象山县卫生进修学校,2024/4/12 9:49,健康照护师
护理类,5233,2023/12/27 0:00,象山县卫生进修学校,2024/4/12 9:59,健康照护师
护理类,3107,2023/12/27 0:00,象山卫生进修学校,2024/4/12 10:02,健康照护师
护理类,4036,2023/12/17 0:00,象山县卫生进修学校,2024/4/12 10:08,健康照护师
护理类,3062,2023/12/17 0:00,象山县卫生进修学校,2024/4/12 10:11,健康照护师
护理类,5235,2023/12/17 0:00,象山县卫生进修学校,2024/4/12 10:18,健康照护师
护理类,3011,2023/12/17 0:00,象山县卫生进修学校,2024/4/12 10:20,健康照护师
护理类,3061,2023/12/17 0:00,象山县卫生进修学校,2024/4/12 10:23,健康照护师
护理类,4209,2023/12/17 0:00,象山县卫生进修学校,2024/4/12 10:25,健康照护师
护理类,3008,2023/12/17 0:00,象山县卫生进修学校,2024/4/12 10:28,健康照护师
护理类,3007,2023/12/17 0:00,象山县卫生进修学校,2024/4/12 10:31,健康照护师
护理类,3046,2023/12/17 0:00,象山县卫生进修学校,2024/4/12 10:34,健康照护师
护理类,3076,2023/12/17 0:00,象山县卫生进修学校,2024/4/12 10:46,健康照护师
护理类,3056,2023/12/17 0:00,象山县卫生进修学校,2024/4/12 10:49,健康照护师
护理类,3041,2023/12/17 0:00,象山县卫生进修学校,2024/4/12 10:51,健康照护师
护理类,3081,2023/12/17 0:00,象山县卫生进修学校,2024/4/12 10:54,健康照护师
护理类,3124,2023/12/17 0:00,象山县卫生进修学校,2024/4/12 10:58,健康照护师
护理类,3093,2023/12/17 0:00,象山县卫生进修学校,2024/4/12 11:01,健康照护惠
护理类,3094,2023/12/17 0:00,象山县卫生进修学校,2024/4/12 11:03,健康照护惠
护理类,3127,2023/12/17 0:00,象山县卫生进修学校,2024/4/12 11:05,健康照护师
护理类,3051,2023/12/17 0:00,象山县卫生进修学校,2024/4/12 11:08,健康照护师
护理类,3098,2019/12/24 0:00,象山县人社局,2024/4/12 14:55,病患基础护理
护理类,3014,2019/12/24 0:00,象山县人社局,2024/4/12 14:58,病患基础护理
护理类,3023,2019/12/24 0:00,象山县人社局,2024/4/12 15:01,病患基础护理
护理类,3078,2020/12/7 0:00,象山县人社局,2024/4/12 15:05,照护与康复技能
护理类,3060,2010/9/7 0:00,象山县人社局,2024/4/12 15:08,护理员
护理类,3087,2019/12/24 0:00,象山县人社局,2024/4/12 15:10,病患基础护理
护理类,3040,2020/12/7 0:00,象山县人社局,2024/4/12 15:14,照护与康复技能
护理类,3095,2019/12/24 0:00,象山县人社局,2024/4/12 15:17,病患基础护理
护理类,3047,2019/12/24 0:00,象山县人社局,2024/4/12 15:20,病患基础护理
护理类,3028,2019/12/24 0:00,象山县人社,2024/4/12 15:23,病患基础护理
护理类,3027,2019/12/24 0:00,象山县人社局,2024/4/12 15:25,病患基础护理
护理类,3038,2020/12/7 0:00,象山县人社局,2024/4/12 15:33,照护与康复技能 
护理类,3029,2020/12/3 8:00,象山县人社局,2024/4/12 15:36,照护与康复技能
护理类,3102,1958/6/1 0:00,象山县人社局,2024/4/12 15:40,病患基础护理
护理类,3009,2022/9/20 0:00,宁波市海曙区,2024/4/12 15:45,养老护理员
护理类,3063,2019/12/24 0:00,象山县人社局,2024/4/12 15:48,病患基础护理
护理类,3064,2019/12/24 8:00,象山县人社局,2024/4/12 15:58,病患基础护理
护理类,3054,2019/12/24 0:00,象山县人社局,2024/4/12 16:02,病患基础护理
护理类,3073,2019/12/24 0:00,象山县人社局,2024/4/12 16:06,病患基础护理
护理类,3065,2020/12/7 0:00,象山县人社局,2024/4/13 8:31,照护与康复技能
护理类,3053,2019/12/24 0:00,象山县人社局,2024/4/13 8:35,病患 基础护理
护理类,3072,2019/12/24 0:00,象山县人社局,2024/4/13 8:38,病患基础护理
护理类,3026,2021/12/24 0:00,象山县人社局,2024/4/13 8:44,病患基础护理
护理类,3017,2019/12/24 0:00,象山县人社局,2024/4/13 8:47,病患基础护理
护理类,3086,2019/12/24 0:00,象山县人社局,2024/4/13 8:57,病患基础护理
护理类,3074,2019/12/24 0:00,象山县人社局,2024/4/13 9:00,病患基础护理
护理类,3044,2019/12/24 0:00,象山县人社局,2024/4/13 9:03,病患基础护理
护理类,3042,2019/12/24 0:00,象山县人社局,2024/4/13 9:05,病患基础护理
护理类,3045,2019/12/24 0:00,象山县人社局,2024/4/13 9:08,病患基础护理
护理类,3013,2019/12/24 0:00,象山县人社局,2024/4/13 9:33,病患基础护理
护理类,3025,2019/12/24 0:00,象山县人社局,2024/4/13 9:36,病患 基础护理
护理类,3058,2020/12/7 0:00,象山县人社局,2024/4/13 9:39,病患基础护理
护理类,3034,2019/12/24 0:00,象山县人社局,2024/4/13 9:44,病患基础护理
护理类,3006,2019/12/24 0:00,象山县人社局,2024/4/13 9:47,病患基础护理
护理类,3085,2020/12/7 0:00,象山县人社局,2024/4/13 9:50,照护与康复技能
护理类,3015,2019/12/24 0:00,象山县人社局,2024/4/13 9:53,病患 基础护理
护理类,3099,2020/12/7 0:00,象山县人社局,2024/4/13 9:55,照护与康复技能
护理类,3005,2019/12/24 0:00,象山县人社局,2024/4/13 10:00,病患基础护理
护理类,3091,2020/12/7 0:00,象山县人社局,2024/4/13 10:02,照护与康复技能
护理类,3049,2020/12/3 0:00,象山县人社局,2024/4/13 10:05,照护与康复技能
护理类,3036,2020/12/7 0:00,象山县人社局,2024/4/13 10:08,照护与康复技能
护理类,3068,2016/5/31 0:00,象山县人社局,2024/4/13 10:11,养老护理员
护理类,3125,2019/12/24 0:00,象山县人社局,2024/4/13 15:16,病患基础护理
护理类,3119,2019/12/24 0:00,象山县人社局,2024/4/13 15:19,病患基础护理
护理类,3112,2020/12/7 0:00,象山县人社局,2024/4/13 15:21,照护与康复技能
护理类,3103,2019/12/24 0:00,象山县人社局,2024/4/13 15:24,病患基础护理
护理类,3097,2010/9/7 0:00,象山县人社局,2024/4/13 15:29,护理员
护理类,3105,2019/12/24 0:00,象山县人社局,2024/4/13 15:32,病患 基础护理
护理类,3059,2010/8/7 0:00,象山县人社局,2024/4/13 15:35,护理员
护理类,3039,2019/12/24 0:00,象山县人社局,2024/4/13 15:38,病患基础护理
护理类,3021,2019/12/24 0:00,象山县人社局,2024/4/13 15:41,病患基础护理
护理类,3082,2018/2/26 0:00,2099/12/31,2024/4/13 15:44,病患基础护理
护理类,3092,2010/9/7 0:00,象山县人社局,2024/4/13 15:46,护理员
护理类,5243,2017/11/8 0:00,象山县人社局,2024/4/15 7:50,养老护理员
护理类,3110,2019/12/24 0:00,象山县人社局,2024/4/15 7:54,病患基础护理
护理类,5059,2019/12/24 0:00,象山县人社局,2024/4/15 8:02,病患基础护理
护理类,4725,2019/12/24 0:00,象山县人社局,2024/4/15 8:05,病患基础护理
护理类,3115,2019/12/24 0:00,象山县人社局,2024/4/15 8:12,病患基础护理
护理类,3070,2020/12/3 0:00,象山县人社局,2024/4/15 8:15,照护与康复技能
护理类,3035,2019/12/24 0:00,象山县人社局,2024/4/15 8:18,病患基础护理
护理类,3003,2019/12/24 0:00,象山县人社局,2024/4/15 8:21,病患基础护理
护理类,3123,2010/9/7 0:00,象山县人社局,2024/4/15 8:24,护理员
护理类,3111,2019/12/24 0:00,象山县人社局,2024/4/15 8:27,病患基础护理
信息类,3039,2024/4/2 0:00,象山老年医院,2024/4/15 9:16,健康证
信息类,3046,2024/4/2 0:00,象山老年医院,2024/4/15 9:18,健康证
信息类,4721,2024/3/31 0:00,象山老年医院,2024/4/15 9:19,健康证
信息类,4725,2024/3/31 0:00,象山老年医院,2024/4/15 9:21,健康证
信息类,3012,2024/4/2 0:00,象山老年医院,2024/4/15 9:22,健康证
信息类,3127,2024/4/2 0:00,象山老年医院,2024/4/15 9:23,健康证
信息类,3094,2024/4/2 0:00,象山老年医院,2024/4/15 9:24,健康证
信息类,3042,2024/4/2 0:00,象山老年医院,2024/4/15 9:26,健康证
信息类,3121,2024/4/2 0:00,象山老年医院,2024/4/15 9:27,健康证
信息类,3035,2024/4/2 0:00,象山老年医院,2024/4/15 9:28,健康证
信息类,4199,2024/4/2 0:00,象山老年医院,2024/4/15 9:29,健康证
信息类,3006,2024/4/2 0:00,象山老年医院,2024/4/15 9:31,健康证
信息类,3021,2024/4/2 0:00,象山老年医院,2024/4/15 9:32,健康证
信息类,3053,2024/4/2 0:00,象山老年医院,2024/4/15 9:33,健康证
信息类,3103,2024/4/2 0:00,象山老年医院,2024/4/15 9:35,健康证
信息类,3118,2024/3/31 0:00,象山老年医院,2024/4/15 9:36,健康证
信息类,3045,2024/3/31 0:00,象山老年医院,2024/4/15 9:37,健康证
信息类,3005,2024/4/3 0:00,象山老年医院,2024/4/15 9:39,健康证
信息类,3064,2024/4/2 0:00,象山老年医院,2024/4/15 9:40,健康证
信息类,3040,2024/3/31 0:00,象山老年医院,2024/4/15 9:41,健康证
信息类,3087,2024/3/31 0:00,象山老年医院,2024/4/15 9:42,健康证
信息类,3073,2024/4/3 0:00,象山老年医院,2024/4/15 9:43,健康证
信息类,3093,2024/4/3 0:00,象山老年医院,2024/4/15 9:44,健康证
信息类,5243,2024/4/2 0:00,象山老年医院,2024/4/15 9:45,健康证
信息类,3029,2024/4/7 0:00,象山老年医院,2024/4/15 9:46,健康证
信息类,3041,2024/4/8 0:00,象山老年医院,2024/4/15 9:47,健康证
信息类,3065,2024/4/9 0:00,象山老年医院,2024/4/15 9:50,健康证
信息类,3061,2024/4/7 0:00,象山老年医院,2024/4/15 9:52,健康证
信息类,4406,2024/1/3 0:00,象山老年医院,2024/4/15 9:53,健康证
信息类,3115,2023/9/23 0:00,象山老年医院,2024/4/15 9:54,健康证
信息类,4405,2023/12/27 0:00,象山老年医院,2024/4/15 9:55,健康证
信息类,4036,2023/12/17 0:00,象山老年医院,2024/4/15 9:57,健康证
信息类,4612,2024/2/1 0:00,象山老年医院,2024/4/15 9:58,健康证
操作类,478,2024/6/7 0:00,浙江省卫生行业职业技能鉴定指导中心,2024/6/21 12:47,医疗护理员操作技能证书
信息类,478,2024/3/9 0:00,,2024/6/21 13:06,健康证
认证类,4660,,,2024/7/4 11:17,养老护理员
认证类,1180,,,2024/7/4 13:55,养老护理员
认证类,1261,,,2024/7/5 10:00,养老护理员
认证类,1284,,,2024/7/5 10:28,保育师
认证类,1277,,,2024/7/10 10:28,养老护理员
认证类,1229,,,2024/7/10 14:58,养老护理员
认证类,4447,,,2024/7/15 15:55,养老护理员
