年龄,,,,,,,,,,,,,,,,,,
53,,,,,,,,,,,,,,,,,,
51,,,,,,,,,,,,,,,,,,
54,,,,,,,,,,,,,,,,,,
59,,,,,,,,,,,,,,,,,,
57,,,,,,,,,,,,,,,,,,
56,,,,,,,,,,,,,,,,,,
51,,,,,,,,,,,,,,,,,,
36,,,,,,,,,,,,,,,,,,
64,,,,,,,,,,,,,,,,,,
57,,,,,,,,,,,,,,,,,,
60,,,,,,,,,,,,,,,,,,
54,,,,,,,,,,,,,,,,,,
57,,,,,,,,,,,,,,,,,,
51,,,,,,,,,,,,,,,,,,
51,,,,,,,,,,,,,,,,,,
56,,,,,,,,,,,,,,,,,,
52,,,,,,,,,,,,,,,,,,
48,,贡献度,年龄,计数项:年龄,,,,,,,,,,,,,年龄,计数("年龄")
51,,高,52,297,,,,,,,,,,,,,31,1
60,,,54,46,,,,,,,,,,,,,33,1
59,,,53,41,,,,,,,,,,,,,34,3
62,,,51,41,,,,,,,,,,,,,35,5
59,,,56,31,,,,,,,,,,,,,36,4
59,,,55,28,,,,,,,,,,,,,37,7
52,,,58,24,,,,,,,,,,,,,38,3
60,,,60,22,,,,,,,,,,,,,39,7
55,,,49,22,,,,,,,,,,,,,40,4
56,,,47,21,,,,,,,,,,,,,41,9
53,,低,48,21,,,,,,,,,,,,,42,7
52,,,61,20,,,,,,,,,,,,,43,14
53,,,59,20,,,,,,,,,,,,,44,11
54,,,57,19,,,,,,,,,,,,,45,16
50,,,50,18,,,,,,,,,,,,,46,16
56,,,45,16,,,,,,,,,,,,,47,21
54,,,46,16,,,,,,,,,,,,,48,21
59,,,43,14,,,,,,,,,,,,,49,22
58,,,44,11,,,,,,,,,,,,,50,18
49,,,41,9,,,,,,,,,,,,,51,41
50,,,67,8,,,,,,,,,,,,,52,297
67,,,62,8,,,,,,,,,,,,,53,41
45,,,64,7,,,,,,,,,,,,,54,46
67,,,42,7,,,,,,,,,,,,,55,28
59,,,39,7,,,,,,,,,,,,,56,31
53,,,37,7,,,,,,,,,,,,,57,19
55,,,63,5,,,,,,,,,,,,,58,24
56,,,66,5,,,,,,,,,,,,,59,20
60,,,35,5,,,,,,,,,,,,,60,22
47,,,65,4,,,,,,,,,,,,,61,20
52,,,40,4,,,,,,,,,,,,,62,8
62,,,36,4,,,,,,,,,,,,,63,5
53,,,38,3,,,,,,,,,,,,,64,7
55,,,34,3,,,,,,,,,,,,,65,4
53,,,71,1,,,,,,,,,,,,,66,5
60,,,33,1,,,,,,,,,,,,,67,8
54,,,31,1,,,,,,,,,,,,,71,1
58,,,,,,,,,,,,,,,,,,
49,,,,,,,,,,,,,,,,,,
61,,,,,,,,,,,,,,,,,,
52,,,,,,,,,,,,,,,,,,
66,,,,,,,,,,,,,,,,,,
50,,,,,,,,,,,,,,,,,,
51,,,,,,,,,,,,,,,,,,
54,,,,,,,,,,,,,,,,,,
52,,,,,,,,,,,,,,,,,,
55,,,,,,,,,,,,,,,,,,
57,,,,,,,,,,,,,,,,,,
51,,,,,,,,,,,,,,,,,,
49,,,,,,,,,,,,,,,,,,
52,,,,,,,,,,,,,,,,,,
57,,,,,,,,,,,,,,,,,,
57,,,,,,,,,,,,,,,,,,
44,,,,,,,,,,,,,,,,,,
48,,,,,,,,,,,,,,,,,,
54,,,,,,,,,,,,,,,,,,
57,,,,,,,,,,,,,,,,,,
53,,,,,,,,,,,,,,,,,,
51,,,,,,,,,,,,,,,,,,
51,,,,,,,,,,,,,,,,,,
60,,,,,,,,,,,,,,,,,,
61,,,,,,,,,,,,,,,,,,
56,,,,,,,,,,,,,,,,,,
56,,,,,,,,,,,,,,,,,,
53,,,,,,,,,,,,,,,,,,
50,,,,,,,,,,,,,,,,,,
62,,,,,,,,,,,,,,,,,,
53,,,,,,,,,,,,,,,,,,
61,,,,,,,,,,,,,,,,,,
52,,,,,,,,,,,,,,,,,,
52,,,,,,,,,,,,,,,,,,
47,,,,,,,,,,,,,,,,,,
50,,,,,,,,,,,,,,,,,,
61,,,,,,,,,,,,,,,,,,
60,,,,,,,,,,,,,,,,,,
63,,,,,,,,,,,,,,,,,,
71,,,,,,,,,,,,,,,,,,
66,,,,,,,,,,,,,,,,,,
58,,,,,,,,,,,,,,,,,,
67,,,,,,,,,,,,,,,,,,
54,,,,,,,,,,,,,,,,,,
49,,,,,,,,,,,,,,,,,,
64,,,,,,,,,,,,,,,,,,
67,,,,,,,,,,,,,,,,,,
59,,,,,,,,,,,,,,,,,,
62,,,,,,,,,,,,,,,,,,
58,,,,,,,,,,,,,,,,,,
60,,,,,,,,,,,,,,,,,,
43,,,,,,,,,,,,,,,,,,
66,,,,,,,,,,,,,,,,,,
57,,,,,,,,,,,,,,,,,,
66,,,,,,,,,,,,,,,,,,
51,,,,,,,,,,,,,,,,,,
56,,,,,,,,,,,,,,,,,,
56,,,,,,,,,,,,,,,,,,
61,,,,,,,,,,,,,,,,,,
58,,,,,,,,,,,,,,,,,,
58,,,,,,,,,,,,,,,,,,
67,,,,,,,,,,,,,,,,,,
51,,,,,,,,,,,,,,,,,,
51,,,,,,,,,,,,,,,,,,
62,,,,,,,,,,,,,,,,,,
56,,,,,,,,,,,,,,,,,,
52,,,,,,,,,,,,,,,,,,
51,,,,,,,,,,,,,,,,,,
55,,,,,,,,,,,,,,,,,,
63,,,,,,,,,,,,,,,,,,
54,,,,,,,,,,,,,,,,,,
56,,,,,,,,,,,,,,,,,,
60,,,,,,,,,,,,,,,,,,
56,,,,,,,,,,,,,,,,,,
57,,,,,,,,,,,,,,,,,,
46,,,,,,,,,,,,,,,,,,
55,,,,,,,,,,,,,,,,,,
53,,,,,,,,,,,,,,,,,,
53,,,,,,,,,,,,,,,,,,
56,,,,,,,,,,,,,,,,,,
60,,,,,,,,,,,,,,,,,,
56,,,,,,,,,,,,,,,,,,
59,,,,,,,,,,,,,,,,,,
61,,,,,,,,,,,,,,,,,,
47,,,,,,,,,,,,,,,,,,
60,,,,,,,,,,,,,,,,,,
51,,,,,,,,,,,,,,,,,,
56,,,,,,,,,,,,,,,,,,
56,,,,,,,,,,,,,,,,,,
55,,,,,,,,,,,,,,,,,,
52,,,,,,,,,,,,,,,,,,
60,,,,,,,,,,,,,,,,,,
54,,,,,,,,,,,,,,,,,,
56,,,,,,,,,,,,,,,,,,
53,,,,,,,,,,,,,,,,,,
67,,,,,,,,,,,,,,,,,,
52,,,,,,,,,,,,,,,,,,
48,,,,,,,,,,,,,,,,,,
53,,,,,,,,,,,,,,,,,,
61,,,,,,,,,,,,,,,,,,
56,,,,,,,,,,,,,,,,,,
61,,,,,,,,,,,,,,,,,,
52,,,,,,,,,,,,,,,,,,
59,,,,,,,,,,,,,,,,,,
54,,,,,,,,,,,,,,,,,,
58,,,,,,,,,,,,,,,,,,
57,,,,,,,,,,,,,,,,,,
62,,,,,,,,,,,,,,,,,,
56,,,,,,,,,,,,,,,,,,
58,,,,,,,,,,,,,,,,,,
52,,,,,,,,,,,,,,,,,,
54,,,,,,,,,,,,,,,,,,
55,,,,,,,,,,,,,,,,,,
59,,,,,,,,,,,,,,,,,,
63,,,,,,,,,,,,,,,,,,
55,,,,,,,,,,,,,,,,,,
55,,,,,,,,,,,,,,,,,,
61,,,,,,,,,,,,,,,,,,
52,,,,,,,,,,,,,,,,,,
52,,,,,,,,,,,,,,,,,,
58,,,,,,,,,,,,,,,,,,
56,,,,,,,,,,,,,,,,,,
57,,,,,,,,,,,,,,,,,,
53,,,,,,,,,,,,,,,,,,
59,,,,,,,,,,,,,,,,,,
61,,,,,,,,,,,,,,,,,,
44,,,,,,,,,,,,,,,,,,
56,,,,,,,,,,,,,,,,,,
56,,,,,,,,,,,,,,,,,,
53,,,,,,,,,,,,,,,,,,
54,,,,,,,,,,,,,,,,,,
53,,,,,,,,,,,,,,,,,,
64,,,,,,,,,,,,,,,,,,
62,,,,,,,,,,,,,,,,,,
47,,,,,,,,,,,,,,,,,,
56,,,,,,,,,,,,,,,,,,
60,,,,,,,,,,,,,,,,,,
67,,,,,,,,,,,,,,,,,,
61,,,,,,,,,,,,,,,,,,
66,,,,,,,,,,,,,,,,,,
67,,,,,,,,,,,,,,,,,,
58,,,,,,,,,,,,,,,,,,
55,,,,,,,,,,,,,,,,,,
51,,,,,,,,,,,,,,,,,,
56,,,,,,,,,,,,,,,,,,
62,,,,,,,,,,,,,,,,,,
55,,,,,,,,,,,,,,,,,,
54,,,,,,,,,,,,,,,,,,
64,,,,,,,,,,,,,,,,,,
59,,,,,,,,,,,,,,,,,,
58,,,,,,,,,,,,,,,,,,
55,,,,,,,,,,,,,,,,,,
63,,,,,,,,,,,,,,,,,,
51,,,,,,,,,,,,,,,,,,
52,,,,,,,,,,,,,,,,,,
54,,,,,,,,,,,,,,,,,,
55,,,,,,,,,,,,,,,,,,
58,,,,,,,,,,,,,,,,,,
56,,,,,,,,,,,,,,,,,,
55,,,,,,,,,,,,,,,,,,
59,,,,,,,,,,,,,,,,,,
58,,,,,,,,,,,,,,,,,,
54,,,,,,,,,,,,,,,,,,
55,,,,,,,,,,,,,,,,,,
60,,,,,,,,,,,,,,,,,,
52,,,,,,,,,,,,,,,,,,
52,,,,,,,,,,,,,,,,,,
52,,,,,,,,,,,,,,,,,,
52,,,,,,,,,,,,,,,,,,
52,,,,,,,,,,,,,,,,,,
59,,,,,,,,,,,,,,,,,,
60,,,,,,,,,,,,,,,,,,
50,,,,,,,,,,,,,,,,,,
52,,,,,,,,,,,,,,,,,,
52,,,,,,,,,,,,,,,,,,
52,,,,,,,,,,,,,,,,,,
52,,,,,,,,,,,,,,,,,,
52,,,,,,,,,,,,,,,,,,
52,,,,,,,,,,,,,,,,,,
52,,,,,,,,,,,,,,,,,,
52,,,,,,,,,,,,,,,,,,
52,,,,,,,,,,,,,,,,,,
52,,,,,,,,,,,,,,,,,,
52,,,,,,,,,,,,,,,,,,
52,,,,,,,,,,,,,,,,,,
52,,,,,,,,,,,,,,,,,,
52,,,,,,,,,,,,,,,,,,
52,,,,,,,,,,,,,,,,,,
52,,,,,,,,,,,,,,,,,,
52,,,,,,,,,,,,,,,,,,
52,,,,,,,,,,,,,,,,,,
52,,,,,,,,,,,,,,,,,,
52,,,,,,,,,,,,,,,,,,
52,,,,,,,,,,,,,,,,,,
52,,,,,,,,,,,,,,,,,,
52,,,,,,,,,,,,,,,,,,
52,,,,,,,,,,,,,,,,,,
52,,,,,,,,,,,,,,,,,,
52,,,,,,,,,,,,,,,,,,
52,,,,,,,,,,,,,,,,,,
52,,,,,,,,,,,,,,,,,,
52,,,,,,,,,,,,,,,,,,
52,,,,,,,,,,,,,,,,,,
52,,,,,,,,,,,,,,,,,,
52,,,,,,,,,,,,,,,,,,
52,,,,,,,,,,,,,,,,,,
52,,,,,,,,,,,,,,,,,,
52,,,,,,,,,,,,,,,,,,
52,,,,,,,,,,,,,,,,,,
52,,,,,,,,,,,,,,,,,,
52,,,,,,,,,,,,,,,,,,
52,,,,,,,,,,,,,,,,,,
52,,,,,,,,,,,,,,,,,,
52,,,,,,,,,,,,,,,,,,
52,,,,,,,,,,,,,,,,,,
52,,,,,,,,,,,,,,,,,,
52,,,,,,,,,,,,,,,,,,
52,,,,,,,,,,,,,,,,,,
52,,,,,,,,,,,,,,,,,,
52,,,,,,,,,,,,,,,,,,
52,,,,,,,,,,,,,,,,,,
64,,,,,,,,,,,,,,,,,,
48,,,,,,,,,,,,,,,,,,
54,,,,,,,,,,,,,,,,,,
54,,,,,,,,,,,,,,,,,,
52,,,,,,,,,,,,,,,,,,
54,,,,,,,,,,,,,,,,,,
52,,,,,,,,,,,,,,,,,,
52,,,,,,,,,,,,,,,,,,
52,,,,,,,,,,,,,,,,,,
52,,,,,,,,,,,,,,,,,,
52,,,,,,,,,,,,,,,,,,
52,,,,,,,,,,,,,,,,,,
52,,,,,,,,,,,,,,,,,,
52,,,,,,,,,,,,,,,,,,
52,,,,,,,,,,,,,,,,,,
52,,,,,,,,,,,,,,,,,,
52,,,,,,,,,,,,,,,,,,
52,,,,,,,,,,,,,,,,,,
52,,,,,,,,,,,,,,,,,,
52,,,,,,,,,,,,,,,,,,
52,,,,,,,,,,,,,,,,,,
52,,,,,,,,,,,,,,,,,,
52,,,,,,,,,,,,,,,,,,
52,,,,,,,,,,,,,,,,,,
52,,,,,,,,,,,,,,,,,,
52,,,,,,,,,,,,,,,,,,
52,,,,,,,,,,,,,,,,,,
52,,,,,,,,,,,,,,,,,,
52,,,,,,,,,,,,,,,,,,
52,,,,,,,,,,,,,,,,,,
52,,,,,,,,,,,,,,,,,,
52,,,,,,,,,,,,,,,,,,
52,,,,,,,,,,,,,,,,,,
52,,,,,,,,,,,,,,,,,,
58,,,,,,,,,,,,,,,,,,
52,,,,,,,,,,,,,,,,,,
52,,,,,,,,,,,,,,,,,,
52,,,,,,,,,,,,,,,,,,
52,,,,,,,,,,,,,,,,,,
52,,,,,,,,,,,,,,,,,,
52,,,,,,,,,,,,,,,,,,
52,,,,,,,,,,,,,,,,,,
59,,,,,,,,,,,,,,,,,,
52,,,,,,,,,,,,,,,,,,
52,,,,,,,,,,,,,,,,,,
52,,,,,,,,,,,,,,,,,,
52,,,,,,,,,,,,,,,,,,
52,,,,,,,,,,,,,,,,,,
52,,,,,,,,,,,,,,,,,,
52,,,,,,,,,,,,,,,,,,
52,,,,,,,,,,,,,,,,,,
52,,,,,,,,,,,,,,,,,,
52,,,,,,,,,,,,,,,,,,
52,,,,,,,,,,,,,,,,,,
52,,,,,,,,,,,,,,,,,,
52,,,,,,,,,,,,,,,,,,
52,,,,,,,,,,,,,,,,,,
52,,,,,,,,,,,,,,,,,,
52,,,,,,,,,,,,,,,,,,
52,,,,,,,,,,,,,,,,,,
52,,,,,,,,,,,,,,,,,,
52,,,,,,,,,,,,,,,,,,
52,,,,,,,,,,,,,,,,,,
52,,,,,,,,,,,,,,,,,,
52,,,,,,,,,,,,,,,,,,
52,,,,,,,,,,,,,,,,,,
52,,,,,,,,,,,,,,,,,,
52,,,,,,,,,,,,,,,,,,
52,,,,,,,,,,,,,,,,,,
52,,,,,,,,,,,,,,,,,,
53,,,,,,,,,,,,,,,,,,
59,,,,,,,,,,,,,,,,,,
49,,,,,,,,,,,,,,,,,,
61,,,,,,,,,,,,,,,,,,
58,,,,,,,,,,,,,,,,,,
60,,,,,,,,,,,,,,,,,,
47,,,,,,,,,,,,,,,,,,
52,,,,,,,,,,,,,,,,,,
65,,,,,,,,,,,,,,,,,,
57,,,,,,,,,,,,,,,,,,
52,,,,,,,,,,,,,,,,,,
49,,,,,,,,,,,,,,,,,,
52,,,,,,,,,,,,,,,,,,
61,,,,,,,,,,,,,,,,,,
53,,,,,,,,,,,,,,,,,,
52,,,,,,,,,,,,,,,,,,
52,,,,,,,,,,,,,,,,,,
52,,,,,,,,,,,,,,,,,,
52,,,,,,,,,,,,,,,,,,
65,,,,,,,,,,,,,,,,,,
58,,,,,,,,,,,,,,,,,,
52,,,,,,,,,,,,,,,,,,
61,,,,,,,,,,,,,,,,,,
49,,,,,,,,,,,,,,,,,,
53,,,,,,,,,,,,,,,,,,
38,,,,,,,,,,,,,,,,,,
54,,,,,,,,,,,,,,,,,,
52,,,,,,,,,,,,,,,,,,
47,,,,,,,,,,,,,,,,,,
41,,,,,,,,,,,,,,,,,,
44,,,,,,,,,,,,,,,,,,
51,,,,,,,,,,,,,,,,,,
60,,,,,,,,,,,,,,,,,,
40,,,,,,,,,,,,,,,,,,
47,,,,,,,,,,,,,,,,,,
48,,,,,,,,,,,,,,,,,,
46,,,,,,,,,,,,,,,,,,
46,,,,,,,,,,,,,,,,,,
46,,,,,,,,,,,,,,,,,,
45,,,,,,,,,,,,,,,,,,
41,,,,,,,,,,,,,,,,,,
42,,,,,,,,,,,,,,,,,,
46,,,,,,,,,,,,,,,,,,
59,,,,,,,,,,,,,,,,,,
44,,,,,,,,,,,,,,,,,,
38,,,,,,,,,,,,,,,,,,
46,,,,,,,,,,,,,,,,,,
35,,,,,,,,,,,,,,,,,,
41,,,,,,,,,,,,,,,,,,
47,,,,,,,,,,,,,,,,,,
45,,,,,,,,,,,,,,,,,,
53,,,,,,,,,,,,,,,,,,
51,,,,,,,,,,,,,,,,,,
54,,,,,,,,,,,,,,,,,,
47,,,,,,,,,,,,,,,,,,
56,,,,,,,,,,,,,,,,,,
43,,,,,,,,,,,,,,,,,,
51,,,,,,,,,,,,,,,,,,
46,,,,,,,,,,,,,,,,,,
51,,,,,,,,,,,,,,,,,,
39,,,,,,,,,,,,,,,,,,
43,,,,,,,,,,,,,,,,,,
52,,,,,,,,,,,,,,,,,,
45,,,,,,,,,,,,,,,,,,
45,,,,,,,,,,,,,,,,,,
51,,,,,,,,,,,,,,,,,,
47,,,,,,,,,,,,,,,,,,
45,,,,,,,,,,,,,,,,,,
45,,,,,,,,,,,,,,,,,,
37,,,,,,,,,,,,,,,,,,
50,,,,,,,,,,,,,,,,,,
55,,,,,,,,,,,,,,,,,,
54,,,,,,,,,,,,,,,,,,
43,,,,,,,,,,,,,,,,,,
50,,,,,,,,,,,,,,,,,,
36,,,,,,,,,,,,,,,,,,
44,,,,,,,,,,,,,,,,,,
55,,,,,,,,,,,,,,,,,,
50,,,,,,,,,,,,,,,,,,
45,,,,,,,,,,,,,,,,,,
52,,,,,,,,,,,,,,,,,,
46,,,,,,,,,,,,,,,,,,
51,,,,,,,,,,,,,,,,,,
44,,,,,,,,,,,,,,,,,,
54,,,,,,,,,,,,,,,,,,
35,,,,,,,,,,,,,,,,,,
57,,,,,,,,,,,,,,,,,,
50,,,,,,,,,,,,,,,,,,
53,,,,,,,,,,,,,,,,,,
45,,,,,,,,,,,,,,,,,,
54,,,,,,,,,,,,,,,,,,
50,,,,,,,,,,,,,,,,,,
57,,,,,,,,,,,,,,,,,,
48,,,,,,,,,,,,,,,,,,
37,,,,,,,,,,,,,,,,,,
44,,,,,,,,,,,,,,,,,,
42,,,,,,,,,,,,,,,,,,
40,,,,,,,,,,,,,,,,,,
44,,,,,,,,,,,,,,,,,,
49,,,,,,,,,,,,,,,,,,
49,,,,,,,,,,,,,,,,,,
57,,,,,,,,,,,,,,,,,,
61,,,,,,,,,,,,,,,,,,
51,,,,,,,,,,,,,,,,,,
43,,,,,,,,,,,,,,,,,,
37,,,,,,,,,,,,,,,,,,
47,,,,,,,,,,,,,,,,,,
43,,,,,,,,,,,,,,,,,,
60,,,,,,,,,,,,,,,,,,
40,,,,,,,,,,,,,,,,,,
40,,,,,,,,,,,,,,,,,,
47,,,,,,,,,,,,,,,,,,
48,,,,,,,,,,,,,,,,,,
41,,,,,,,,,,,,,,,,,,
41,,,,,,,,,,,,,,,,,,
45,,,,,,,,,,,,,,,,,,
50,,,,,,,,,,,,,,,,,,
58,,,,,,,,,,,,,,,,,,
37,,,,,,,,,,,,,,,,,,
52,,,,,,,,,,,,,,,,,,
52,,,,,,,,,,,,,,,,,,
41,,,,,,,,,,,,,,,,,,
48,,,,,,,,,,,,,,,,,,
52,,,,,,,,,,,,,,,,,,
61,,,,,,,,,,,,,,,,,,
59,,,,,,,,,,,,,,,,,,
52,,,,,,,,,,,,,,,,,,
47,,,,,,,,,,,,,,,,,,
44,,,,,,,,,,,,,,,,,,
47,,,,,,,,,,,,,,,,,,
49,,,,,,,,,,,,,,,,,,
54,,,,,,,,,,,,,,,,,,
52,,,,,,,,,,,,,,,,,,
47,,,,,,,,,,,,,,,,,,
53,,,,,,,,,,,,,,,,,,
37,,,,,,,,,,,,,,,,,,
46,,,,,,,,,,,,,,,,,,
51,,,,,,,,,,,,,,,,,,
51,,,,,,,,,,,,,,,,,,
58,,,,,,,,,,,,,,,,,,
33,,,,,,,,,,,,,,,,,,
55,,,,,,,,,,,,,,,,,,
46,,,,,,,,,,,,,,,,,,
59,,,,,,,,,,,,,,,,,,
53,,,,,,,,,,,,,,,,,,
60,,,,,,,,,,,,,,,,,,
54,,,,,,,,,,,,,,,,,,
34,,,,,,,,,,,,,,,,,,
60,,,,,,,,,,,,,,,,,,
51,,,,,,,,,,,,,,,,,,
64,,,,,,,,,,,,,,,,,,
46,,,,,,,,,,,,,,,,,,
53,,,,,,,,,,,,,,,,,,
47,,,,,,,,,,,,,,,,,,
51,,,,,,,,,,,,,,,,,,
39,,,,,,,,,,,,,,,,,,
49,,,,,,,,,,,,,,,,,,
54,,,,,,,,,,,,,,,,,,
46,,,,,,,,,,,,,,,,,,
48,,,,,,,,,,,,,,,,,,
47,,,,,,,,,,,,,,,,,,
46,,,,,,,,,,,,,,,,,,
58,,,,,,,,,,,,,,,,,,
43,,,,,,,,,,,,,,,,,,
42,,,,,,,,,,,,,,,,,,
63,,,,,,,,,,,,,,,,,,
49,,,,,,,,,,,,,,,,,,
34,,,,,,,,,,,,,,,,,,
50,,,,,,,,,,,,,,,,,,
43,,,,,,,,,,,,,,,,,,
53,,,,,,,,,,,,,,,,,,
42,,,,,,,,,,,,,,,,,,
45,,,,,,,,,,,,,,,,,,
51,,,,,,,,,,,,,,,,,,
49,,,,,,,,,,,,,,,,,,
54,,,,,,,,,,,,,,,,,,
42,,,,,,,,,,,,,,,,,,
43,,,,,,,,,,,,,,,,,,
41,,,,,,,,,,,,,,,,,,
43,,,,,,,,,,,,,,,,,,
39,,,,,,,,,,,,,,,,,,
43,,,,,,,,,,,,,,,,,,
54,,,,,,,,,,,,,,,,,,
39,,,,,,,,,,,,,,,,,,
51,,,,,,,,,,,,,,,,,,
48,,,,,,,,,,,,,,,,,,
45,,,,,,,,,,,,,,,,,,
50,,,,,,,,,,,,,,,,,,
48,,,,,,,,,,,,,,,,,,
35,,,,,,,,,,,,,,,,,,
34,,,,,,,,,,,,,,,,,,
39,,,,,,,,,,,,,,,,,,
31,,,,,,,,,,,,,,,,,,
52,,,,,,,,,,,,,,,,,,
54,,,,,,,,,,,,,,,,,,
51,,,,,,,,,,,,,,,,,,
53,,,,,,,,,,,,,,,,,,
51,,,,,,,,,,,,,,,,,,
44,,,,,,,,,,,,,,,,,,
56,,,,,,,,,,,,,,,,,,
52,,,,,,,,,,,,,,,,,,
53,,,,,,,,,,,,,,,,,,
44,,,,,,,,,,,,,,,,,,
41,,,,,,,,,,,,,,,,,,
47,,,,,,,,,,,,,,,,,,
49,,,,,,,,,,,,,,,,,,
49,,,,,,,,,,,,,,,,,,
54,,,,,,,,,,,,,,,,,,
35,,,,,,,,,,,,,,,,,,
54,,,,,,,,,,,,,,,,,,
37,,,,,,,,,,,,,,,,,,
53,,,,,,,,,,,,,,,,,,
49,,,,,,,,,,,,,,,,,,
47,,,,,,,,,,,,,,,,,,
48,,,,,,,,,,,,,,,,,,
35,,,,,,,,,,,,,,,,,,
46,,,,,,,,,,,,,,,,,,
43,,,,,,,,,,,,,,,,,,
58,,,,,,,,,,,,,,,,,,
57,,,,,,,,,,,,,,,,,,
50,,,,,,,,,,,,,,,,,,
48,,,,,,,,,,,,,,,,,,
49,,,,,,,,,,,,,,,,,,
36,,,,,,,,,,,,,,,,,,
38,,,,,,,,,,,,,,,,,,
43,,,,,,,,,,,,,,,,,,
45,,,,,,,,,,,,,,,,,,
49,,,,,,,,,,,,,,,,,,
50,,,,,,,,,,,,,,,,,,
49,,,,,,,,,,,,,,,,,,
54,,,,,,,,,,,,,,,,,,
52,,,,,,,,,,,,,,,,,,
54,,,,,,,,,,,,,,,,,,
65,,,,,,,,,,,,,,,,,,
41,,,,,,,,,,,,,,,,,,
48,,,,,,,,,,,,,,,,,,
52,,,,,,,,,,,,,,,,,,
53,,,,,,,,,,,,,,,,,,
52,,,,,,,,,,,,,,,,,,
52,,,,,,,,,,,,,,,,,,
52,,,,,,,,,,,,,,,,,,
52,,,,,,,,,,,,,,,,,,
39,,,,,,,,,,,,,,,,,,
54,,,,,,,,,,,,,,,,,,
48,,,,,,,,,,,,,,,,,,
60,,,,,,,,,,,,,,,,,,
42,,,,,,,,,,,,,,,,,,
52,,,,,,,,,,,,,,,,,,
52,,,,,,,,,,,,,,,,,,
58,,,,,,,,,,,,,,,,,,
58,,,,,,,,,,,,,,,,,,
55,,,,,,,,,,,,,,,,,,
52,,,,,,,,,,,,,,,,,,
52,,,,,,,,,,,,,,,,,,
45,,,,,,,,,,,,,,,,,,
43,,,,,,,,,,,,,,,,,,
53,,,,,,,,,,,,,,,,,,
48,,,,,,,,,,,,,,,,,,
56,,,,,,,,,,,,,,,,,,
52,,,,,,,,,,,,,,,,,,
52,,,,,,,,,,,,,,,,,,
52,,,,,,,,,,,,,,,,,,
64,,,,,,,,,,,,,,,,,,
52,,,,,,,,,,,,,,,,,,
55,,,,,,,,,,,,,,,,,,
52,,,,,,,,,,,,,,,,,,
52,,,,,,,,,,,,,,,,,,
52,,,,,,,,,,,,,,,,,,
52,,,,,,,,,,,,,,,,,,
52,,,,,,,,,,,,,,,,,,
52,,,,,,,,,,,,,,,,,,
52,,,,,,,,,,,,,,,,,,
52,,,,,,,,,,,,,,,,,,
52,,,,,,,,,,,,,,,,,,
52,,,,,,,,,,,,,,,,,,
52,,,,,,,,,,,,,,,,,,
48,,,,,,,,,,,,,,,,,,
48,,,,,,,,,,,,,,,,,,
58,,,,,,,,,,,,,,,,,,
42,,,,,,,,,,,,,,,,,,
52,,,,,,,,,,,,,,,,,,
52,,,,,,,,,,,,,,,,,,
52,,,,,,,,,,,,,,,,,,
52,,,,,,,,,,,,,,,,,,
52,,,,,,,,,,,,,,,,,,
52,,,,,,,,,,,,,,,,,,
52,,,,,,,,,,,,,,,,,,
45,,,,,,,,,,,,,,,,,,
52,,,,,,,,,,,,,,,,,,
52,,,,,,,,,,,,,,,,,,
52,,,,,,,,,,,,,,,,,,
51,,,,,,,,,,,,,,,,,,
52,,,,,,,,,,,,,,,,,,
61,,,,,,,,,,,,,,,,,,
55,,,,,,,,,,,,,,,,,,
52,,,,,,,,,,,,,,,,,,
52,,,,,,,,,,,,,,,,,,
52,,,,,,,,,,,,,,,,,,
52,,,,,,,,,,,,,,,,,,
52,,,,,,,,,,,,,,,,,,
52,,,,,,,,,,,,,,,,,,
52,,,,,,,,,,,,,,,,,,
52,,,,,,,,,,,,,,,,,,
52,,,,,,,,,,,,,,,,,,
52,,,,,,,,,,,,,,,,,,
52,,,,,,,,,,,,,,,,,,
52,,,,,,,,,,,,,,,,,,
52,,,,,,,,,,,,,,,,,,
52,,,,,,,,,,,,,,,,,,
52,,,,,,,,,,,,,,,,,,
53,,,,,,,,,,,,,,,,,,
57,,,,,,,,,,,,,,,,,,
52,,,,,,,,,,,,,,,,,,
52,,,,,,,,,,,,,,,,,,
52,,,,,,,,,,,,,,,,,,
52,,,,,,,,,,,,,,,,,,
52,,,,,,,,,,,,,,,,,,
52,,,,,,,,,,,,,,,,,,
52,,,,,,,,,,,,,,,,,,
52,,,,,,,,,,,,,,,,,,
52,,,,,,,,,,,,,,,,,,
52,,,,,,,,,,,,,,,,,,
52,,,,,,,,,,,,,,,,,,
52,,,,,,,,,,,,,,,,,,
52,,,,,,,,,,,,,,,,,,
58,,,,,,,,,,,,,,,,,,
52,,,,,,,,,,,,,,,,,,
61,,,,,,,,,,,,,,,,,,
54,,,,,,,,,,,,,,,,,,
52,,,,,,,,,,,,,,,,,,
52,,,,,,,,,,,,,,,,,,
52,,,,,,,,,,,,,,,,,,
52,,,,,,,,,,,,,,,,,,
52,,,,,,,,,,,,,,,,,,
52,,,,,,,,,,,,,,,,,,
52,,,,,,,,,,,,,,,,,,
55,,,,,,,,,,,,,,,,,,
52,,,,,,,,,,,,,,,,,,
65,,,,,,,,,,,,,,,,,,
61,,,,,,,,,,,,,,,,,,
52,,,,,,,,,,,,,,,,,,
52,,,,,,,,,,,,,,,,,,
52,,,,,,,,,,,,,,,,,,
52,,,,,,,,,,,,,,,,,,
51,,,,,,,,,,,,,,,,,,
52,,,,,,,,,,,,,,,,,,
46,,,,,,,,,,,,,,,,,,
48,,,,,,,,,,,,,,,,,,
52,,,,,,,,,,,,,,,,,,
57,,,,,,,,,,,,,,,,,,
55,,,,,,,,,,,,,,,,,,
52,,,,,,,,,,,,,,,,,,
47,,,,,,,,,,,,,,,,,,
56,,,,,,,,,,,,,,,,,,
54,,,,,,,,,,,,,,,,,,
51,,,,,,,,,,,,,,,,,,
53,,,,,,,,,,,,,,,,,,
53,,,,,,,,,,,,,,,,,,
54,,,,,,,,,,,,,,,,,,
51,,,,,,,,,,,,,,,,,,
54,,,,,,,,,,,,,,,,,,
46,,,,,,,,,,,,,,,,,,
56,,,,,,,,,,,,,,,,,,
49,,,,,,,,,,,,,,,,,,
54,,,,,,,,,,,,,,,,,,
53,,,,,,,,,,,,,,,,,,
52,,,,,,,,,,,,,,,,,,
52,,,,,,,,,,,,,,,,,,
52,,,,,,,,,,,,,,,,,,
52,,,,,,,,,,,,,,,,,,
51,,,,,,,,,,,,,,,,,,
53,,,,,,,,,,,,,,,,,,
53,,,,,,,,,,,,,,,,,,
49,,,,,,,,,,,,,,,,,,
52,,,,,,,,,,,,,,,,,,
52,,,,,,,,,,,,,,,,,,
55,,,,,,,,,,,,,,,,,,
52,,,,,,,,,,,,,,,,,,
52,,,,,,,,,,,,,,,,,,
52,,,,,,,,,,,,,,,,,,
52,,,,,,,,,,,,,,,,,,
36,,,,,,,,,,,,,,,,,,
52,,,,,,,,,,,,,,,,,,
55,,,,,,,,,,,,,,,,,,
54,,,,,,,,,,,,,,,,,,
51,,,,,,,,,,,,,,,,,,
60,,,,,,,,,,,,,,,,,,
52,,,,,,,,,,,,,,,,,,
52,,,,,,,,,,,,,,,,,,
52,,,,,,,,,,,,,,,,,,
52,,,,,,,,,,,,,,,,,,
52,,,,,,,,,,,,,,,,,,
52,,,,,,,,,,,,,,,,,,
52,,,,,,,,,,,,,,,,,,
37,,,,,,,,,,,,,,,,,,
52,,,,,,,,,,,,,,,,,,
52,,,,,,,,,,,,,,,,,,
52,,,,,,,,,,,,,,,,,,
52,,,,,,,,,,,,,,,,,,
52,,,,,,,,,,,,,,,,,,
52,,,,,,,,,,,,,,,,,,
52,,,,,,,,,,,,,,,,,,
52,,,,,,,,,,,,,,,,,,
52,,,,,,,,,,,,,,,,,,
52,,,,,,,,,,,,,,,,,,
52,,,,,,,,,,,,,,,,,,
50,,,,,,,,,,,,,,,,,,
53,,,,,,,,,,,,,,,,,,
45,,,,,,,,,,,,,,,,,,
52,,,,,,,,,,,,,,,,,,
61,,,,,,,,,,,,,,,,,,
52,,,,,,,,,,,,,,,,,,
48,,,,,,,,,,,,,,,,,,
52,,,,,,,,,,,,,,,,,,
52,,,,,,,,,,,,,,,,,,
52,,,,,,,,,,,,,,,,,,
52,,,,,,,,,,,,,,,,,,
52,,,,,,,,,,,,,,,,,,
54,,,,,,,,,,,,,,,,,,
52,,,,,,,,,,,,,,,,,,
52,,,,,,,,,,,,,,,,,,
52,,,,,,,,,,,,,,,,,,
49,,,,,,,,,,,,,,,,,,
52,,,,,,,,,,,,,,,,,,
52,,,,,,,,,,,,,,,,,,
52,,,,,,,,,,,,,,,,,,
52,,,,,,,,,,,,,,,,,,
52,,,,,,,,,,,,,,,,,,
56,,,,,,,,,,,,,,,,,,
57,,,,,,,,,,,,,,,,,,
52,,,,,,,,,,,,,,,,,,
52,,,,,,,,,,,,,,,,,,
52,,,,,,,,,,,,,,,,,,
52,,,,,,,,,,,,,,,,,,
51,,,,,,,,,,,,,,,,,,
53,,,,,,,,,,,,,,,,,,
51,,,,,,,,,,,,,,,,,,
39,,,,,,,,,,,,,,,,,,
52,,,,,,,,,,,,,,,,,,
52,,,,,,,,,,,,,,,,,,
52,,,,,,,,,,,,,,,,,,
55,,,,,,,,,,,,,,,,,,
53,,,,,,,,,,,,,,,,,,
55,,,,,,,,,,,,,,,,,,
51,,,,,,,,,,,,,,,,,,
59,,,,,,,,,,,,,,,,,,
54,,,,,,,,,,,,,,,,,,
54,,,,,,,,,,,,,,,,,,
47,,,,,,,,,,,,,,,,,,
53,,,,,,,,,,,,,,,,,,
53,,,,,,,,,,,,,,,,,,
48,,,,,,,,,,,,,,,,,,
52,,,,,,,,,,,,,,,,,,
52,,,,,,,,,,,,,,,,,,
52,,,,,,,,,,,,,,,,,,
52,,,,,,,,,,,,,,,,,,
52,,,,,,,,,,,,,,,,,,
52,,,,,,,,,,,,,,,,,,
52,,,,,,,,,,,,,,,,,,
52,,,,,,,,,,,,,,,,,,
52,,,,,,,,,,,,,,,,,,
52,,,,,,,,,,,,,,,,,,
52,,,,,,,,,,,,,,,,,,
52,,,,,,,,,,,,,,,,,,
54,,,,,,,,,,,,,,,,,,
54,,,,,,,,,,,,,,,,,,
50,,,,,,,,,,,,,,,,,,
52,,,,,,,,,,,,,,,,,,
52,,,,,,,,,,,,,,,,,,
52,,,,,,,,,,,,,,,,,,
51,,,,,,,,,,,,,,,,,,
